1900-01-01 00:00:00.200,-0.347595,-0.8146365,0.47229025
1900-01-01 00:00:00.300,,,
1900-01-01 00:00:00.400,-0.32202125,-0.84375,0.4570315
1900-01-01 00:00:00.500,-0.33898925,-0.83923325,0.424988
1900-01-01 00:00:00.600,-0.47497575,-0.95147675,0.212036
1900-01-01 00:00:00.700,-0.4557495,-0.9176635,0.23785425
1900-01-01 00:00:00.800,,,
1900-01-01 00:00:00.900,-0.498352,-0.76348875,0.2666625
1900-01-01 00:00:01.000,-0.64929225,-0.629883,0.209839
1900-01-01 00:00:01.100,,,
1900-01-01 00:00:01.200,-0.91827375,-0.552063,0.1414795
1900-01-01 00:00:01.300,-1.10546875,-0.35351575,0.17791725
1900-01-01 00:00:01.400,-0.9560546,-0.2805666,0.272168
1900-01-01 00:00:01.500,-0.801106666667,-0.288411333333,0.254150333333
1900-01-01 00:00:01.600,-0.94146725,-0.30175775,0.201599
1900-01-01 00:00:01.700,-1.1137695,-0.211792,0.08251975
1900-01-01 00:00:01.800,-1.154541,-0.28833,0.091797
1900-01-01 00:00:01.900,-0.945149666667,-0.371012666667,0.123047
1900-01-01 00:00:02.000,-0.8566285,-0.477539,0.08630375
1900-01-01 00:00:02.100,-1.001648,-0.44281,0.09985325
1900-01-01 00:00:02.200,-0.955566333333,-0.310465666667,0.0983886666667
1900-01-01 00:00:02.300,-0.969971,-0.310059,0.057861
1900-01-01 00:00:02.400,-0.9366455,-0.35644525,0.07611075
1900-01-01 00:00:02.500,-1.02136225,-0.44928,0.1567995
1900-01-01 00:00:02.600,-0.90448,-0.41790775,0.248779
1900-01-01 00:00:02.700,,,
1900-01-01 00:00:02.800,,,
1900-01-01 00:00:02.900,-0.873883857143,-0.385219,0.154889857143
1900-01-01 00:00:03.000,-0.925635,-0.42168,0.1593262
1900-01-01 00:00:03.100,,,
1900-01-01 00:00:03.200,,,
1900-01-01 00:00:03.300,,,
1900-01-01 00:00:03.400,,,
1900-01-01 00:00:03.500,,,
1900-01-01 00:00:03.600,-0.984347777778,-0.337863555556,0.116862
1900-01-01 00:00:03.700,-0.950728,-0.248757090909,0.0963689090909
1900-01-01 00:00:03.800,-1.0567015,-0.1695555,0.01660175
1900-01-01 00:00:03.900,,,
1900-01-01 00:00:04.000,,,
1900-01-01 00:00:04.100,,,
1900-01-01 00:00:04.200,,,
1900-01-01 00:00:04.300,,,
1900-01-01 00:00:04.400,-0.935058545455,-0.368208454545,0.150191
1900-01-01 00:00:04.500,-0.949788444444,-0.410671666667,0.136773222222
1900-01-01 00:00:04.600,-0.904175,-0.3273925,0.1050415
1900-01-01 00:00:04.700,,,
1900-01-01 00:00:04.800,,,
1900-01-01 00:00:04.900,,,
1900-01-01 00:00:05.000,,,
1900-01-01 00:00:05.100,,,
1900-01-01 00:00:05.200,-0.93219,-0.334269166667,0.0711669166667
1900-01-01 00:00:05.300,-0.895141625,-0.49859625,0.174255375
1900-01-01 00:00:05.400,-0.8737185,-0.69592275,0.1465455
1900-01-01 00:00:05.500,,,
1900-01-01 00:00:05.600,,,
1900-01-01 00:00:05.700,,,
1900-01-01 00:00:05.800,,,
1900-01-01 00:00:05.900,-0.688883666667,-1.22892233333,0.103841
1900-01-01 00:00:06.000,-0.239633538462,-0.890474538462,-0.404315615385
1900-01-01 00:00:06.100,0.430786125,-0.842498875,-0.1311035
1900-01-01 00:00:06.200,,,
1900-01-01 00:00:06.300,,,
1900-01-01 00:00:06.400,,,
1900-01-01 00:00:06.500,,,
1900-01-01 00:00:06.600,,,
1900-01-01 00:00:06.700,0.564488,-0.778599142857,0.371268142857
1900-01-01 00:00:06.800,0.533996666667,-0.860087,-0.2196655
1900-01-01 00:00:06.900,0.5356444,-0.8298828,-0.41333
1900-01-01 00:00:07.000,,,
1900-01-01 00:00:07.100,,,
1900-01-01 00:00:07.200,,,
1900-01-01 00:00:07.300,,,
1900-01-01 00:00:07.400,,,
1900-01-01 00:00:07.500,0.512098555556,-0.749918444444,0.141059
1900-01-01 00:00:07.600,0.528764181818,-0.821377909091,0.342263
1900-01-01 00:00:07.700,0.45477275,-0.8635865,-0.210083
1900-01-01 00:00:07.800,0.5841065,-0.69482425,0.05438225
1900-01-01 00:00:07.900,,,
1900-01-01 00:00:08.000,,,
1900-01-01 00:00:08.100,,,
1900-01-01 00:00:08.200,,,
1900-01-01 00:00:08.300,,,
1900-01-01 00:00:08.400,0.592285181818,-0.855180181818,-0.0888004545455
1900-01-01 00:00:08.500,0.573323555556,-0.786973888889,0.178520888889
1900-01-01 00:00:08.600,0.5740965,-0.788391,0.18292225
1900-01-01 00:00:08.700,,,
1900-01-01 00:00:08.800,,,
1900-01-01 00:00:08.900,,,
1900-01-01 00:00:09.000,,,
1900-01-01 00:00:09.100,,,
1900-01-01 00:00:09.200,0.55979425,-0.762288416667,0.184997583333
1900-01-01 00:00:09.300,0.51083375,-0.666076625,-0.014373875
1900-01-01 00:00:09.400,0.263916,-0.857788,-0.43353275
1900-01-01 00:00:09.500,,,
1900-01-01 00:00:09.600,,,
1900-01-01 00:00:09.700,,,
1900-01-01 00:00:09.800,,,
1900-01-01 00:00:09.900,-0.06341525,-1.152893,-0.35601825
1900-01-01 00:00:10.000,-0.120530461538,-1.11534715385,-0.138371461538
1900-01-01 00:00:10.100,-0.286743166667,-0.94104,0.0372721666667
1900-01-01 00:00:10.200,-0.285889,-0.949707,0.279541
1900-01-01 00:00:10.300,,,
1900-01-01 00:00:10.400,,,
1900-01-01 00:00:10.500,,,
1900-01-01 00:00:10.600,,,
1900-01-01 00:00:10.700,-0.469552285714,-0.701485714286,0.451973857143
1900-01-01 00:00:10.800,-0.644470166667,-0.51361075,0.611267
1900-01-01 00:00:10.900,-0.64502,-0.623535,0.738281
1900-01-01 00:00:11.000,-0.500061,-0.43029775,0.70874
1900-01-01 00:00:11.100,-0.53466825,-0.7178345,0.4160765
1900-01-01 00:00:11.200,-0.61511225,-0.60229475,0.57049575
1900-01-01 00:00:11.300,-0.61413575,-0.5163575,0.600586
1900-01-01 00:00:11.400,,,
1900-01-01 00:00:11.500,,,
1900-01-01 00:00:11.600,,,
1900-01-01 00:00:11.700,,,
1900-01-01 00:00:11.800,,,
1900-01-01 00:00:11.900,-0.653786545455,-0.600586090909,0.535267090909
1900-01-01 00:00:12.000,-0.45204,-0.821370444444,0.571885777778
1900-01-01 00:00:12.100,-0.3207395,-0.7922365,0.5177
1900-01-01 00:00:12.200,,,
1900-01-01 00:00:12.300,,,
1900-01-01 00:00:12.400,,,
1900-01-01 00:00:12.500,,,
1900-01-01 00:00:12.600,,,
1900-01-01 00:00:12.700,0.0958658333333,-0.8944295,0.404846166667
1900-01-01 00:00:12.800,,,
1900-01-01 00:00:12.900,,,
1900-01-01 00:00:13.000,0.191446916667,-0.0337321666667,0.816243416667
1900-01-01 00:00:13.100,-0.01641825,0.31640625,1.12689175
1900-01-01 00:00:13.200,-0.088501,0.12976075,1.1189575
1900-01-01 00:00:13.300,-0.08252,0.297852,1.082764
1900-01-01 00:00:13.400,-0.0214843333333,0.246419333333,1.136393
1900-01-01 00:00:13.500,-0.039551,0.347168333333,0.926106666667
1900-01-01 00:00:13.600,0.24859625,0.180145375,0.698211625
1900-01-01 00:00:13.700,0.515869,-0.270752,0.75708
1900-01-01 00:00:13.800,,,
1900-01-01 00:00:13.900,,,
1900-01-01 00:00:14.000,,,
1900-01-01 00:00:14.100,,,
1900-01-01 00:00:14.200,0.528320333333,-0.30485,0.564534666667
1900-01-01 00:00:14.300,0.640834214286,-0.648629428571,0.136003857143
1900-01-01 00:00:14.400,0.326555714286,-0.840436714286,-0.428955
1900-01-01 00:00:14.500,,,
1900-01-01 00:00:14.600,,,
1900-01-01 00:00:14.700,,,
1900-01-01 00:00:14.800,,,
1900-01-01 00:00:14.900,,,
1900-01-01 00:00:15.000,0.416992285714,-1.25442942857,-0.826381142857
1900-01-01 00:00:15.100,0.455078166667,-0.666870166667,-0.224446666667
1900-01-01 00:00:15.200,0.4649414,-0.222168,0.4021972
1900-01-01 00:00:15.300,,,
1900-01-01 00:00:15.400,,,
1900-01-01 00:00:15.500,,,
1900-01-01 00:00:15.600,,,
1900-01-01 00:00:15.700,,,
1900-01-01 00:00:15.800,0.038025,0.162109375,0.939331
1900-01-01 00:00:15.900,-0.31018075,0.31555175,1.2911985
1900-01-01 00:00:16.000,-0.253839727273,0.309747727273,1.121804
1900-01-01 00:00:16.100,0.045166,0.124268,0.82666
1900-01-01 00:00:16.200,,,
1900-01-01 00:00:16.300,,,
1900-01-01 00:00:16.400,,,
1900-01-01 00:00:16.500,,,
1900-01-01 00:00:16.600,0.30558275,-0.259073916667,0.410929333333
1900-01-01 00:00:16.700,-0.07260125,-1.17382825,-0.3829955
1900-01-01 00:00:16.800,-0.044739,-1.5317995,-0.51422125
1900-01-01 00:00:16.900,,,
1900-01-01 00:00:17.000,,,
1900-01-01 00:00:17.100,,,
1900-01-01 00:00:17.200,,,
1900-01-01 00:00:17.300,0.01123,-1.742676,-0.80127
1900-01-01 00:00:17.400,0.0760779230769,-1.14053107692,-0.304894076923
1900-01-01 00:00:17.500,0.241753333333,0.0734864444444,0.362413222222
1900-01-01 00:00:17.600,-0.3063476,0.4473146,0.91709
1900-01-01 00:00:17.700,,,
1900-01-01 00:00:17.800,,,
1900-01-01 00:00:17.900,,,
1900-01-01 00:00:18.000,,,
1900-01-01 00:00:18.100,,,
1900-01-01 00:00:18.200,-0.690999333333,0.655192,1.28474933333
1900-01-01 00:00:18.300,-0.367309428571,0.602486642857,0.893763928571
1900-01-01 00:00:18.400,0.00317385714286,0.407714857143,0.633858857143
1900-01-01 00:00:18.500,,,
1900-01-01 00:00:18.600,,,
1900-01-01 00:00:18.700,,,
1900-01-01 00:00:18.800,,,
1900-01-01 00:00:18.900,,,
1900-01-01 00:00:19.000,0.3919675,-0.26879875,0.472107
1900-01-01 00:00:19.100,0.253174,-0.82678225,0.45025625
1900-01-01 00:00:19.200,0.0564236666667,-1.12863511111,0.158203
1900-01-01 00:00:19.300,0.207693714286,-1.04118985714,-0.032122
1900-01-01 00:00:19.400,,,
1900-01-01 00:00:19.500,,,
1900-01-01 00:00:19.600,,,
1900-01-01 00:00:19.700,,,
1900-01-01 00:00:19.800,0.268798909091,-1.04385654545,-0.216219818182
1900-01-01 00:00:19.900,-0.0228408888889,-0.994846,-0.411566666667
1900-01-01 00:00:20.000,-0.2630615,-0.97485375,-0.2802125
1900-01-01 00:00:20.100,,,
1900-01-01 00:00:20.200,,,
1900-01-01 00:00:20.300,,,
1900-01-01 00:00:20.400,,,
1900-01-01 00:00:20.500,,,
1900-01-01 00:00:20.600,-0.18918875,-0.96360275,-0.15293375
1900-01-01 00:00:20.700,-0.378845125,-0.866638125,-0.094787625
1900-01-01 00:00:20.800,-0.604492,-0.82238775,-0.12567125
1900-01-01 00:00:20.900,,,
1900-01-01 00:00:21.000,,,
1900-01-01 00:00:21.100,,,
1900-01-01 00:00:21.200,,,
1900-01-01 00:00:21.300,-0.736979333333,-0.838297666667,-0.0813803333333
1900-01-01 00:00:21.400,-0.7674765,-0.725179083333,0.0632934166667
1900-01-01 00:00:21.500,-0.7620606,-0.6572754,0.155078
1900-01-01 00:00:21.600,-0.761474666667,-0.621175,0.161132666667
1900-01-01 00:00:21.700,-0.74646,-0.53076175,0.17852775
1900-01-01 00:00:21.800,-0.842163,-0.447876,0.24157725
1900-01-01 00:00:21.900,-0.9385985,-0.428711,0.26971425
1900-01-01 00:00:22.000,-1.164307,-0.464355,0.273926
1900-01-01 00:00:22.100,,,
1900-01-01 00:00:22.200,,,
1900-01-01 00:00:22.300,,,
1900-01-01 00:00:22.400,,,
1900-01-01 00:00:22.500,-0.872977142857,-0.434186571429,0.229387714286
1900-01-01 00:00:22.600,-0.929117833333,-0.583089083333,-0.00335691666667
1900-01-01 00:00:22.700,-0.8044434,-0.4891116,0.0833984
1900-01-01 00:00:22.800,,,
1900-01-01 00:00:22.900,-1.1085205,-0.387024,0.23596175
1900-01-01 00:00:23.000,-1.12854,-0.350159,0.1345215
1900-01-01 00:00:23.100,-0.89691175,-0.40850825,0.06317125
1900-01-01 00:00:23.200,,,
1900-01-01 00:00:23.300,-0.786316,-0.38250725,0.12469475
1900-01-01 00:00:23.400,-0.991455,-0.50042725,0.20355225
1900-01-01 00:00:23.500,-1.16522225,-0.37841775,0.2039185
1900-01-01 00:00:23.600,,,
1900-01-01 00:00:23.700,,,
1900-01-01 00:00:23.800,,,
1900-01-01 00:00:23.900,,,
1900-01-01 00:00:24.000,,,
1900-01-01 00:00:24.100,-0.943093090909,-0.346413363636,0.016291
1900-01-01 00:00:24.200,-0.966932555556,-0.422716,0.0904677777778
1900-01-01 00:00:24.300,-1.08734125,-0.321228,0.07214375
1900-01-01 00:00:24.400,,,
1900-01-01 00:00:24.500,,,
1900-01-01 00:00:24.600,,,
1900-01-01 00:00:24.700,,,
1900-01-01 00:00:24.800,,,
1900-01-01 00:00:24.900,,,
1900-01-01 00:00:25.000,-0.89465325,-0.304321375,0.160278375
1900-01-01 00:00:25.100,-0.970807642857,-0.341203928571,0.197823642857
1900-01-01 00:00:25.200,-1.0308592,-0.4237792,0.0388672
1900-01-01 00:00:25.300,-0.8601564,-0.3012208,0.0378904
1900-01-01 00:00:25.400,-1.01348875,-0.355652,-0.0759275
1900-01-01 00:00:25.500,-1.072591,-0.358886666667,-0.0983073333333
1900-01-01 00:00:25.600,-0.945557,-0.369873,-0.016357
1900-01-01 00:00:25.700,,,
1900-01-01 00:00:25.800,,,
1900-01-01 00:00:25.900,,,
1900-01-01 00:00:26.000,,,
1900-01-01 00:00:26.100,-1.114502,-0.414143833333,0.138956833333
1900-01-01 00:00:26.200,-0.88828525,-0.429239833333,0.117574083333
1900-01-01 00:00:26.300,-1.0616455,-0.4082035,0.078125
1900-01-01 00:00:26.400,-1.0250245,-0.33184825,0.11846925
1900-01-01 00:00:26.500,-0.5392455,-0.50109875,-0.07159425
1900-01-01 00:00:26.600,-0.64660675,-0.65368675,-0.03649925
1900-01-01 00:00:26.700,-1.17474325,-0.1851195,0.039734
1900-01-01 00:00:26.800,,,
1900-01-01 00:00:26.900,,,
1900-01-01 00:00:27.000,,,
1900-01-01 00:00:27.100,,,
1900-01-01 00:00:27.200,,,
1900-01-01 00:00:27.300,-1.098724375,-0.45098875,-0.07077025
1900-01-01 00:00:27.400,-0.922718363636,-0.401544909091,0.20439
1900-01-01 00:00:27.500,-1.0571776,-0.5930174,0.0178712
1900-01-01 00:00:27.600,,,
1900-01-01 00:00:27.700,,,
1900-01-01 00:00:27.800,,,
1900-01-01 00:00:27.900,,,
1900-01-01 00:00:28.000,,,
1900-01-01 00:00:28.100,-0.797729583333,-0.514038,-0.211832666667
1900-01-01 00:00:28.200,-1.018035875,-0.430847125,0.189026
1900-01-01 00:00:28.300,-0.947876,-0.375305,0.10479725
1900-01-01 00:00:28.400,,,
1900-01-01 00:00:28.500,,,
1900-01-01 00:00:28.600,,,
1900-01-01 00:00:28.700,,,
1900-01-01 00:00:28.800,,,
1900-01-01 00:00:28.900,-0.99222825,-0.456685416667,0.0531413333333
1900-01-01 00:00:29.000,-0.914639454545,-0.441583727273,-0.101318454545
1900-01-01 00:00:29.100,-0.997803,-0.435059,-0.073975
1900-01-01 00:00:29.200,,,
1900-01-01 00:00:29.300,,,
1900-01-01 00:00:29.400,,,
1900-01-01 00:00:29.500,,,
1900-01-01 00:00:29.600,-1.03011066667,-0.339843666667,-0.0594073333333
1900-01-01 00:00:29.700,-0.971296071429,-0.339407714286,0.119210357143
1900-01-01 00:00:29.800,-1.00565583333,-0.3467205,0.206095333333
1900-01-01 00:00:29.900,-0.967773,-0.375,0.101318
1900-01-01 00:00:30.000,,,
1900-01-01 00:00:30.100,,,
1900-01-01 00:00:30.200,,,
1900-01-01 00:00:30.300,,,
1900-01-01 00:00:30.400,-0.892752571429,-0.315011142857,0.009626
1900-01-01 00:00:30.500,-0.95334875,-0.46285,0.0183715833333
1900-01-01 00:00:30.600,-0.9277342,-0.4184572,-0.0927246
1900-01-01 00:00:30.700,,,
1900-01-01 00:00:30.800,,,
1900-01-01 00:00:30.900,,,
1900-01-01 00:00:31.000,,,
1900-01-01 00:00:31.100,,,
1900-01-01 00:00:31.200,-0.884874222222,-0.574978222222,-0.00523544444444
1900-01-01 00:00:31.300,-0.808593727273,-0.519464636364,0.124600636364
1900-01-01 00:00:31.400,-0.765625,-0.53564475,0.15057375
1900-01-01 00:00:31.500,,,
1900-01-01 00:00:31.600,,,
1900-01-01 00:00:31.700,,,
1900-01-01 00:00:31.800,,,
1900-01-01 00:00:31.900,,,
1900-01-01 00:00:32.000,-0.920288083333,-0.497172083333,0.11584475
1900-01-01 00:00:32.100,-0.884002625,-0.388366625,-0.008453375
1900-01-01 00:00:32.200,-0.98303225,-0.34185825,0.01354975
1900-01-01 00:00:32.300,-0.958435,-0.346069,0.03472875
1900-01-01 00:00:32.400,,,
1900-01-01 00:00:32.500,,,
1900-01-01 00:00:32.600,,,
1900-01-01 00:00:32.700,,,
1900-01-01 00:00:32.800,,,
1900-01-01 00:00:32.900,-0.965031692308,-0.318058846154,0.0946516153846
1900-01-01 00:00:33.000,-1.0738281,-0.6679199,0.1860351
1900-01-01 00:00:33.100,-0.506348,-0.673096,0.337402
1900-01-01 00:00:33.200,,,
1900-01-01 00:00:33.300,,,
1900-01-01 00:00:33.400,,,
1900-01-01 00:00:33.500,,,
1900-01-01 00:00:33.600,0.446777333333,-0.617839,0.00455733333333
1900-01-01 00:00:33.700,-0.234727555556,-0.944797222222,-0.423258555556
1900-01-01 00:00:33.800,0.355305833333,-1.11926266667,-0.327555333333
1900-01-01 00:00:33.900,0.690714333333,-0.928873833333,-0.306762833333
1900-01-01 00:00:34.000,,,
1900-01-01 00:00:34.100,,,
1900-01-01 00:00:34.200,,,
1900-01-01 00:00:34.300,,,
1900-01-01 00:00:34.400,0.217285285714,-0.872767857143,-0.391357428571
1900-01-01 00:00:34.500,0.486714666667,-1.01731366667,0.102132083333
1900-01-01 00:00:34.600,0.3713868,-0.8135254,-0.2353516
1900-01-01 00:00:34.700,,,
1900-01-01 00:00:34.800,,,
1900-01-01 00:00:34.900,,,
1900-01-01 00:00:35.000,,,
1900-01-01 00:00:35.100,,,
1900-01-01 00:00:35.200,,,
1900-01-01 00:00:35.300,0.678527875,-0.669158875,-0.4407655
1900-01-01 00:00:35.400,0.73168925,-0.727844,0.66607675
1900-01-01 00:00:35.500,0.617520454545,-0.792857818182,0.0303843636364
1900-01-01 00:00:35.600,0.3606936,-0.7995118,-0.1253418
1900-01-01 00:00:35.700,0.50518825,-0.918762,-0.268982
1900-01-01 00:00:35.800,0.442383,-0.77239975,-0.21551525
1900-01-01 00:00:35.900,,,
1900-01-01 00:00:36.000,,,
1900-01-01 00:00:36.100,,,
1900-01-01 00:00:36.200,,,
1900-01-01 00:00:36.300,,,
1900-01-01 00:00:36.400,0.525146416667,-0.725260333333,-0.321716333333
1900-01-01 00:00:36.500,0.580108625,-0.858886875,-0.469726375
1900-01-01 00:00:36.600,0.74218775,-0.624756,-0.73736575
1900-01-01 00:00:36.700,,,
1900-01-01 00:00:36.800,,,
1900-01-01 00:00:36.900,,,
1900-01-01 00:00:37.000,,,
1900-01-01 00:00:37.100,0.29217525,-0.939209,0.02532975
1900-01-01 00:00:37.200,0.528707,-0.675435333333,-0.550231916667
1900-01-01 00:00:37.300,0.514556875,-0.80960075,-0.444702125
1900-01-01 00:00:37.400,,,
1900-01-01 00:00:37.500,,,
1900-01-01 00:00:37.600,,,
1900-01-01 00:00:37.700,,,
1900-01-01 00:00:37.800,,,
1900-01-01 00:00:37.900,0.7251385,-0.555948833333,-0.421874833333
1900-01-01 00:00:38.000,0.567307538462,-0.752253615385,-0.410569538462
1900-01-01 00:00:38.100,0.6360842,-0.7826174,-0.05459
1900-01-01 00:00:38.200,,,
1900-01-01 00:00:38.300,,,
1900-01-01 00:00:38.400,,,
1900-01-01 00:00:38.500,,,
1900-01-01 00:00:38.600,,,
1900-01-01 00:00:38.700,0.412109333333,-0.834445444444,-0.271430222222
1900-01-01 00:00:38.800,0.270729818182,-0.923717363636,-0.348011454545
1900-01-01 00:00:38.900,0.26654075,-1.05969225,-0.29724125
1900-01-01 00:00:39.000,,,
1900-01-01 00:00:39.100,,,
1900-01-01 00:00:39.200,,,
1900-01-01 00:00:39.300,,,
1900-01-01 00:00:39.400,,,
1900-01-01 00:00:39.500,,,
1900-01-01 00:00:39.600,0.165008625,-0.94570925,-0.24530025
1900-01-01 00:00:39.700,0.402313125,-1.00659175,-0.37698375
1900-01-01 00:00:39.800,0.403778125,-0.819152875,-0.1891175
1900-01-01 00:00:39.900,0.24487325,-0.87811275,0.07696525
1900-01-01 00:00:40.000,,,
1900-01-01 00:00:40.100,-0.04718,-1.008789125,0.409607125
1900-01-01 00:00:40.200,,,
1900-01-01 00:00:40.300,,,
1900-01-01 00:00:40.400,,,
1900-01-01 00:00:40.500,,,
1900-01-01 00:00:40.600,,,
1900-01-01 00:00:40.700,0.0555326153846,-0.71798,0.631648153846
1900-01-01 00:00:40.800,0.0201904,-0.6799318,0.4447753
1900-01-01 00:00:40.900,-0.115967,-0.81543,-0.039307
1900-01-01 00:00:41.000,,,
1900-01-01 00:00:41.100,,,
1900-01-01 00:00:41.200,,,
1900-01-01 00:00:41.300,,,
1900-01-01 00:00:41.400,0.396158666667,-0.92041,-0.228434
1900-01-01 00:00:41.500,0.678955,-1.147705,-0.64410375
1900-01-01 00:00:41.600,0.4577985,-0.434448214286,-0.6973005
1900-01-01 00:00:41.700,0.623151571429,0.397739857143,-0.635742285714
1900-01-01 00:00:41.800,,,
1900-01-01 00:00:41.900,,,
1900-01-01 00:00:42.000,,,
1900-01-01 00:00:42.100,,,
1900-01-01 00:00:42.200,,,
1900-01-01 00:00:42.300,0.635184142857,0.524030428571,-0.557861142857
1900-01-01 00:00:42.400,0.638728076923,0.520939923077,-0.529860230769
1900-01-01 00:00:42.500,0.64288325,0.5270995,-0.5616455
1900-01-01 00:00:42.600,,,
1900-01-01 00:00:42.700,,,
1900-01-01 00:00:42.800,,,
1900-01-01 00:00:42.900,,,
1900-01-01 00:00:43.000,,,
1900-01-01 00:00:43.100,0.644930818182,0.464666272727,-0.590576090909
1900-01-01 00:00:43.200,0.638997333333,0.481852222222,-0.590440555556
1900-01-01 00:00:43.300,0.7302855,0.24963375,-0.64807125
1900-01-01 00:00:43.400,,,
1900-01-01 00:00:43.500,,,
1900-01-01 00:00:43.600,,,
1900-01-01 00:00:43.700,,,
1900-01-01 00:00:43.800,,,
1900-01-01 00:00:43.900,0.664916916667,-0.501017333333,-0.225158666667
1900-01-01 00:00:44.000,0.346161,-0.83020025,0.6050415
1900-01-01 00:00:44.100,0.32666,-0.32592775,0.1257935
1900-01-01 00:00:44.200,,,
1900-01-01 00:00:44.300,,,
1900-01-01 00:00:44.400,,,
1900-01-01 00:00:44.500,,,
1900-01-01 00:00:44.600,0.121582,-0.452393,-0.176025
1900-01-01 00:00:44.700,0.140563833333,-1.33707675,0.219746916667
1900-01-01 00:00:44.800,-0.1747557,-0.7625976,0.1101808
1900-01-01 00:00:44.900,0.011963,-1.961182,0.563232
1900-01-01 00:00:45.000,,,
1900-01-01 00:00:45.100,,,
1900-01-01 00:00:45.200,,,
1900-01-01 00:00:45.300,,,
1900-01-01 00:00:45.400,0.378255333333,-1.29972366667,0.585937333333
1900-01-01 00:00:45.500,0.0188175384615,-0.767127307692,0.196570846154
1900-01-01 00:00:45.600,0.274231,-1.040740875,0.145324875
1900-01-01 00:00:45.700,,,
1900-01-01 00:00:45.800,,,
1900-01-01 00:00:45.900,,,
1900-01-01 00:00:46.000,,,
1900-01-01 00:00:46.100,,,
1900-01-01 00:00:46.200,0.211385,-0.860026,-0.282552333333
1900-01-01 00:00:46.300,-0.237361153846,-0.941162153846,0.428410461538
1900-01-01 00:00:46.400,0.116504,-0.8608886,-0.4402832
1900-01-01 00:00:46.500,,,
1900-01-01 00:00:46.600,,,
1900-01-01 00:00:46.700,,,
1900-01-01 00:00:46.800,,,
1900-01-01 00:00:46.900,,,
1900-01-01 00:00:47.000,-0.607732727273,-0.406693818182,0.0530672727273
1900-01-01 00:00:47.100,-0.896918444444,-0.603624111111,-0.132676777778
1900-01-01 00:00:47.200,-1.96618675,0.12036125,-0.35186775
1900-01-01 00:00:47.300,,,
1900-01-01 00:00:47.400,,,
1900-01-01 00:00:47.500,,,
1900-01-01 00:00:47.600,,,
1900-01-01 00:00:47.700,,,
1900-01-01 00:00:47.800,-0.300089583333,-0.85762525,-0.258199166667
1900-01-01 00:00:47.900,0.5075075,-0.829712,-0.36126725
1900-01-01 00:00:48.000,-0.70422375,-1.72491475,-0.586853
1900-01-01 00:00:48.100,,,
1900-01-01 00:00:48.200,,,
1900-01-01 00:00:48.300,,,
1900-01-01 00:00:48.400,,,
1900-01-01 00:00:48.500,-0.619873,-0.622559,-0.073975
1900-01-01 00:00:48.600,0.0761313333333,-1.23075341667,-0.187845916667
1900-01-01 00:00:48.700,-0.1983886,-1.2891845,-0.358252
1900-01-01 00:00:48.800,-0.537842,-0.55249,-0.026123
1900-01-01 00:00:48.900,-0.330159666667,-0.267985,-0.0266926666667
1900-01-01 00:00:49.000,-0.303833,-1.194214,-0.39624025
1900-01-01 00:00:49.100,0.9197995,-1.8571775,-0.41516125
1900-01-01 00:00:49.200,0.52478025,-0.42846675,-0.0688475
1900-01-01 00:00:49.300,0.328857,-1.042236,-0.329346
1900-01-01 00:00:49.400,,,
1900-01-01 00:00:49.500,,,
1900-01-01 00:00:49.600,,,
1900-01-01 00:00:49.700,,,
1900-01-01 00:00:49.800,-0.661458166667,-1.61832683333,-0.426066
1900-01-01 00:00:49.900,0.0831503333333,-1.12988266667,-0.199361083333
1900-01-01 00:00:50.000,0.340372666667,-1.027588,-0.162272166667
1900-01-01 00:00:50.100,,,
1900-01-01 00:00:50.200,,,
1900-01-01 00:00:50.300,,,
1900-01-01 00:00:50.400,,,
1900-01-01 00:00:50.500,,,
1900-01-01 00:00:50.600,-0.505798375,-1.042663625,-0.14978025
1900-01-01 00:00:50.700,0.184061833333,-1.2305095,-0.183309
1900-01-01 00:00:50.800,-0.72967525,-2.0395505,-0.5252075
1900-01-01 00:00:50.900,,,
1900-01-01 00:00:51.000,,,
1900-01-01 00:00:51.100,,,
1900-01-01 00:00:51.200,,,
1900-01-01 00:00:51.300,,,
1900-01-01 00:00:51.400,-0.332142272727,-1.03482318182,-0.0444113636364
1900-01-01 00:00:51.500,0.265706222222,-0.964491111111,-0.00906033333333
1900-01-01 00:00:51.600,-1.18786625,-1.685547,-0.269165
1900-01-01 00:00:51.700,,,
1900-01-01 00:00:51.800,,,
1900-01-01 00:00:51.900,,,
1900-01-01 00:00:52.000,,,
1900-01-01 00:00:52.100,,,
1900-01-01 00:00:52.200,0.0351155,-1.11179608333,0.08184825
1900-01-01 00:00:52.300,-0.00732425,-0.851837125,0.008941625
1900-01-01 00:00:52.400,-0.93334975,-1.57312,-0.1226195
1900-01-01 00:00:52.500,,,
1900-01-01 00:00:52.600,,,
1900-01-01 00:00:52.700,,,
1900-01-01 00:00:52.800,,,
1900-01-01 00:00:52.900,0.0425616666667,-0.673339666667,0.0318196666667
1900-01-01 00:00:53.000,0.289738692308,-1.12169461538,-0.074275
1900-01-01 00:00:53.100,-0.815080857143,-1.49333828571,-0.099191
1900-01-01 00:00:53.200,-0.004395,-0.509521,0.119873
1900-01-01 00:00:53.300,,,
1900-01-01 00:00:53.400,,,
1900-01-01 00:00:53.500,,,
1900-01-01 00:00:53.600,,,
1900-01-01 00:00:53.700,-0.166300333333,-1.25789383333,-0.128703
1900-01-01 00:00:53.800,-0.029073,-1.30786125,-0.0865885
1900-01-01 00:00:53.900,-0.156534833333,-0.667114166667,0.0593666666667
1900-01-01 00:00:54.000,,,
1900-01-01 00:00:54.100,,,
1900-01-01 00:00:54.200,,,
1900-01-01 00:00:54.300,,,
1900-01-01 00:00:54.400,,,
1900-01-01 00:00:54.500,0.031921375,-1.341461125,-0.118866
1900-01-01 00:00:54.600,-0.276082416667,-1.030131,-0.237670833333
1900-01-01 00:00:54.700,0.081726,-0.5216675,-0.135376
1900-01-01 00:00:54.800,,,
1900-01-01 00:00:54.900,,,
1900-01-01 00:00:55.000,,,
1900-01-01 00:00:55.100,,,
1900-01-01 00:00:55.200,,,
1900-01-01 00:00:55.300,-0.367009909091,-1.13052645455,0.135431363636
1900-01-01 00:00:55.400,-0.117241888889,-0.967909111111,0.1132
1900-01-01 00:00:55.500,,,
1900-01-01 00:00:55.600,-0.10229475,-1.07983375,0.03680425
1900-01-01 00:00:55.700,-0.23339825,-1.00872775,0.01416025
1900-01-01 00:00:55.800,-0.04644775,-1.01593025,-0.094116
1900-01-01 00:00:55.900,-0.05371075,-0.92187525,-0.03405775
1900-01-01 00:00:56.000,,,
1900-01-01 00:00:56.100,,,
1900-01-01 00:00:56.200,,,
1900-01-01 00:00:56.300,,,
1900-01-01 00:00:56.400,-0.201416,-0.933838,0.056641
1900-01-01 00:00:56.500,0.00862007692308,-1.02364415385,0.0163761538462
1900-01-01 00:00:56.600,-0.0343748,-0.9596192,0.0299804
1900-01-01 00:00:56.700,,,
1900-01-01 00:00:56.800,,,
1900-01-01 00:00:56.900,,,
1900-01-01 00:00:57.000,,,
1900-01-01 00:00:57.100,,,
1900-01-01 00:00:57.200,-0.3041504,-0.7941892,0.068994
1900-01-01 00:00:57.300,-0.656778916667,-0.789937333333,0.0795083333333
1900-01-01 00:00:57.400,-0.635951571429,-0.435128142857,0.009033
1900-01-01 00:00:57.500,,,
1900-01-01 00:00:57.600,,,
1900-01-01 00:00:57.700,,,
1900-01-01 00:00:57.800,,,
1900-01-01 00:00:57.900,,,
1900-01-01 00:00:58.000,-0.865478625,-0.365143,-0.12454225
1900-01-01 00:00:58.100,-1.22232327273,-0.660644454545,0.0783248181818
1900-01-01 00:00:58.200,-1.3848632,-0.6411132,-0.0579102
1900-01-01 00:00:58.300,,,
1900-01-01 00:00:58.400,,,
1900-01-01 00:00:58.500,,,
1900-01-01 00:00:58.600,,,
1900-01-01 00:00:58.700,,,
1900-01-01 00:00:58.800,-0.9029541,-0.5770753,-0.1080079
1900-01-01 00:00:58.900,-0.3668213,-0.58208,-0.0196777
1900-01-01 00:00:59.000,-0.01702875,-0.52789325,0.15484625
1900-01-01 00:00:59.100,-0.12200925,-1.0719605,0.19982925
1900-01-01 00:00:59.200,,,
1900-01-01 00:00:59.300,-0.092163,-0.90197775,0.2611695
1900-01-01 00:00:59.400,-0.1467285,-0.51525875,0.05365
1900-01-01 00:00:59.500,-0.31982425,-0.31427,0.0252685
1900-01-01 00:00:59.600,,,
1900-01-01 00:00:59.700,-0.660339,-0.25384525,-0.09802225
1900-01-01 00:00:59.800,,,
1900-01-01 00:00:59.900,-1.48114025,-0.42941275,-0.01828
1900-01-01 00:01:00.000,,,
1900-01-01 00:01:00.100,,,
1900-01-01 00:01:00.200,,,
1900-01-01 00:01:00.300,,,
1900-01-01 00:01:00.400,-1.45450833333,-0.950358333333,0.223226
1900-01-01 00:01:00.500,-1.32732609091,-0.356955909091,-0.0420143636364
1900-01-01 00:01:00.600,-0.6851806,-0.28208,-0.0351074
1900-01-01 00:01:00.700,,,
1900-01-01 00:01:00.800,,,
1900-01-01 00:01:00.900,,,
1900-01-01 00:01:01.000,,,
1900-01-01 00:01:01.100,,,
1900-01-01 00:01:01.200,-0.735615916667,-0.43332925,0.06536875
1900-01-01 00:01:01.300,-0.7915445,-0.6433105,0.0835775
1900-01-01 00:01:01.400,-0.793986,-0.672119,0.094035
1900-01-01 00:01:01.500,,,
1900-01-01 00:01:01.600,,,
1900-01-01 00:01:01.700,,,
1900-01-01 00:01:01.800,,,
1900-01-01 00:01:01.900,,,
1900-01-01 00:01:02.000,-0.728240875,-0.516876375,0.048065
1900-01-01 00:01:02.100,-0.75889075,-0.381469833333,-0.0979818333333
1900-01-01 00:01:02.200,-1.07843025,-0.5775755,-0.5359495
1900-01-01 00:01:02.300,,,
1900-01-01 00:01:02.400,,,
1900-01-01 00:01:02.500,,,
1900-01-01 00:01:02.600,,,
1900-01-01 00:01:02.700,,,
1900-01-01 00:01:02.800,-0.9673583,-0.4856445,-0.5827637
1900-01-01 00:01:02.900,-0.7704345,-0.6010497,-0.5222413
1900-01-01 00:01:03.000,-0.40344225,-0.76806625,-0.41271975
1900-01-01 00:01:03.100,,,
1900-01-01 00:01:03.200,-0.229309,-0.759033,-0.36450175
1900-01-01 00:01:03.300,-0.080139,-0.85986325,-0.192993
1900-01-01 00:01:03.400,0.06420925,-0.84875475,-0.09930425
1900-01-01 00:01:03.500,,,
1900-01-01 00:01:03.600,0.11694325,-0.80859375,-0.05682375
1900-01-01 00:01:03.700,0.227173,-0.984314,-0.06237775
1900-01-01 00:01:03.800,0.227356,-1.03949,-0.0318605
1900-01-01 00:01:03.900,,,
1900-01-01 00:01:04.000,0.1953735,-1.02893075,-0.00708
1900-01-01 00:01:04.100,0.2880368,-1.2450682,0.3800292
1900-01-01 00:01:04.200,0.417399,-1.38541666667,0.765136333333
1900-01-01 00:01:04.300,,,
1900-01-01 00:01:04.400,,,
1900-01-01 00:01:04.500,,,
1900-01-01 00:01:04.600,,,
1900-01-01 00:01:04.700,0.592529,-1.23860666667,0.808837666667
1900-01-01 00:01:04.800,0.328500538462,0.390437230769,0.199838461538
1900-01-01 00:01:04.900,0.560372428571,0.754847857143,0.0415735714286
1900-01-01 00:01:05.000,0.542725,0.724121,0.255615
1900-01-01 00:01:05.100,,,
1900-01-01 00:01:05.200,,,
1900-01-01 00:01:05.300,,,
1900-01-01 00:01:05.400,,,
1900-01-01 00:01:05.500,0.6604004,0.4701172,0.2942872
1900-01-01 00:01:05.600,0.724421538462,0.0491474615385,0.643873923077
1900-01-01 00:01:05.700,0.660726,-0.222330833333,0.797037833333
1900-01-01 00:01:05.800,,,
1900-01-01 00:01:05.900,,,
1900-01-01 00:01:06.000,,,
1900-01-01 00:01:06.100,,,
1900-01-01 00:01:06.200,,,
1900-01-01 00:01:06.300,0.40884375,0.017730625,0.906860375
1900-01-01 00:01:06.400,0.26198325,0.501729333333,0.817932083333
1900-01-01 00:01:06.500,,,
1900-01-01 00:01:06.600,0.18634,0.76074225,0.797302
1900-01-01 00:01:06.700,0.25030525,0.78381325,0.642944
1900-01-01 00:01:06.800,0.097168,0.822998,0.8549805
1900-01-01 00:01:06.900,,,
1900-01-01 00:01:07.000,0.0478515,0.810608,0.742554
1900-01-01 00:01:07.100,-0.018982,0.2891235,0.843933
1900-01-01 00:01:07.200,0.046692,-0.020874,0.8026735
1900-01-01 00:01:07.300,0.1259765,-0.3841555,0.78985625
1900-01-01 00:01:07.400,,,
1900-01-01 00:01:07.500,,,
1900-01-01 00:01:07.600,,,
1900-01-01 00:01:07.700,,,
1900-01-01 00:01:07.800,,,
1900-01-01 00:01:07.900,0.0878905,-0.624725375,0.86221325
1900-01-01 00:01:08.000,-0.0288627777778,-0.572699666667,1.04361966667
1900-01-01 00:01:08.100,-0.0259835714286,0.121896,0.880789714286
1900-01-01 00:01:08.200,,,
1900-01-01 00:01:08.300,,,
1900-01-01 00:01:08.400,,,
1900-01-01 00:01:08.500,,,
1900-01-01 00:01:08.600,-0.0640463333333,0.442871,0.697428333333
1900-01-01 00:01:08.700,-0.232271692308,-0.128286461538,1.00202830769
1900-01-01 00:01:08.800,-0.229073714286,-0.0924595714286,0.918143285714
1900-01-01 00:01:08.900,-0.391846,-0.240723,0.879883
1900-01-01 00:01:09.000,-0.8859255,0.05413825,0.73913575
1900-01-01 00:01:09.100,-0.20623775,0.140076,0.9019775
1900-01-01 00:01:09.200,-0.46130375,0.0165405,1.07489025
1900-01-01 00:01:09.300,-1.0808715,-0.5063475,0.53344725
1900-01-01 00:01:09.400,,,
1900-01-01 00:01:09.500,,,
1900-01-01 00:01:09.600,,,
1900-01-01 00:01:09.700,,,
1900-01-01 00:01:09.800,,,
1900-01-01 00:01:09.900,-0.313720625,-1.177093375,0.208465625
1900-01-01 00:01:10.000,-0.52371225,-0.641876125,0.57312025
1900-01-01 00:01:10.100,-0.613098125,-0.8792115,0.41781625
1900-01-01 00:01:10.200,,,
1900-01-01 00:01:10.300,,,
1900-01-01 00:01:10.400,,,
1900-01-01 00:01:10.500,,,
1900-01-01 00:01:10.600,,,
1900-01-01 00:01:10.700,-0.5922363,-0.8594239,0.2400636
1900-01-01 00:01:10.800,-0.741414333333,-0.7055665,0.0334066666667
1900-01-01 00:01:10.900,-0.61587525,-0.813049125,0.296569875
1900-01-01 00:01:11.000,,,
1900-01-01 00:01:11.100,-0.36718725,-0.6709595,0.45068325
1900-01-01 00:01:11.200,-0.006592,-0.95471225,0.4835815
1900-01-01 00:01:11.300,0.446594,-0.88092025,0.56634525
1900-01-01 00:01:11.400,,,
1900-01-01 00:01:11.500,0.540344,-0.701355,0.2434695
1900-01-01 00:01:11.600,0.25933825,-0.78094475,-0.01782225
1900-01-01 00:01:11.700,0.774353,-1.06054675,0.023865
1900-01-01 00:01:11.800,,,
1900-01-01 00:01:11.900,0.511572,-0.751172,0.3705566
1900-01-01 00:01:12.000,0.630957,-0.9050784,0.0376954
1900-01-01 00:01:12.100,0.6639405,-0.714966,-0.1016845
1900-01-01 00:01:12.200,,,
1900-01-01 00:01:12.300,,,
1900-01-01 00:01:12.400,,,
1900-01-01 00:01:12.500,,,
1900-01-01 00:01:12.600,0.634684333333,-0.605631666667,0.105387333333
1900-01-01 00:01:12.700,0.55818675,-0.898681666667,0.148274666667
1900-01-01 00:01:12.800,0.553168444444,-0.810872444444,0.155192111111
1900-01-01 00:01:12.900,,,
1900-01-01 00:01:13.000,,,
1900-01-01 00:01:13.100,,,
1900-01-01 00:01:13.200,,,
1900-01-01 00:01:13.300,,,
1900-01-01 00:01:13.400,0.53291,-0.9429198,0.3263184
1900-01-01 00:01:13.500,0.67854825,-0.698201416667,0.0531820833333
1900-01-01 00:01:13.600,0.684500428571,-0.603341142857,-0.221575
1900-01-01 00:01:13.700,,,
1900-01-01 00:01:13.800,,,
1900-01-01 00:01:13.900,,,
1900-01-01 00:01:14.000,,,
1900-01-01 00:01:14.100,,,
1900-01-01 00:01:14.200,0.362657222222,-1.10053177778,0.412407777778
1900-01-01 00:01:14.300,0.585227454545,-0.791059818182,0.195823
1900-01-01 00:01:14.400,0.5983885,-0.779419,0.18713375
1900-01-01 00:01:14.500,,,
1900-01-01 00:01:14.600,,,
1900-01-01 00:01:14.700,,,
1900-01-01 00:01:14.800,,,
1900-01-01 00:01:14.900,,,
1900-01-01 00:01:15.000,0.593217181818,-0.770529909091,0.177934090909
1900-01-01 00:01:15.100,0.603651222222,-0.827094222222,0.311469222222
1900-01-01 00:01:15.200,0.731018,-0.531433,0.11480725
1900-01-01 00:01:15.300,,,
1900-01-01 00:01:15.400,,,
1900-01-01 00:01:15.500,,,
1900-01-01 00:01:15.600,,,
1900-01-01 00:01:15.700,,,
1900-01-01 00:01:15.800,0.814847384615,-0.511061384615,0.152174692308
1900-01-01 00:01:15.900,0.849392222222,-0.516194555556,0.110704333333
1900-01-01 00:01:16.000,0.8336916,-0.4655762,0.0316406
1900-01-01 00:01:16.100,0.762451,-0.575928,0.111328
1900-01-01 00:01:16.200,,,
1900-01-01 00:01:16.300,,,
1900-01-01 00:01:16.400,,,
1900-01-01 00:01:16.500,,,
1900-01-01 00:01:16.600,0.788411666667,-0.75944,-0.536539666667
1900-01-01 00:01:16.700,0.533710153846,-0.863506692308,0.138690615385
1900-01-01 00:01:16.800,0.671753125,-0.719696125,0.17550675
1900-01-01 00:01:16.900,,,
1900-01-01 00:01:17.000,,,
1900-01-01 00:01:17.100,,,
1900-01-01 00:01:17.200,,,
1900-01-01 00:01:17.300,,,
1900-01-01 00:01:17.400,0.6199545,-0.7694905,0.168619833333
1900-01-01 00:01:17.500,0.404256083333,-0.730794166667,0.139912916667
1900-01-01 00:01:17.600,0.109497,-0.9751385,-0.0669355
1900-01-01 00:01:17.700,,,
1900-01-01 00:01:17.800,,,
1900-01-01 00:01:17.900,,,
1900-01-01 00:01:18.000,,,
1900-01-01 00:01:18.100,,,
1900-01-01 00:01:18.200,-0.549208,-0.943684888889,-0.216634111111
1900-01-01 00:01:18.300,-0.879305545455,-0.484952181818,-0.202459181818
1900-01-01 00:01:18.400,-0.9117435,-0.52807625,-0.27648925
1900-01-01 00:01:18.500,,,
1900-01-01 00:01:18.600,,,
1900-01-01 00:01:18.700,,,
1900-01-01 00:01:18.800,,,
1900-01-01 00:01:18.900,,,
1900-01-01 00:01:19.000,-0.906671636364,-0.384854454545,-0.342174363636
1900-01-01 00:01:19.100,-0.870496888889,-0.299289333333,-0.452039888889
1900-01-01 00:01:19.200,-0.863098,-0.45281975,-0.46124275
1900-01-01 00:01:19.300,,,
1900-01-01 00:01:19.400,,,
1900-01-01 00:01:19.500,,,
1900-01-01 00:01:19.600,,,
1900-01-01 00:01:19.700,,,
1900-01-01 00:01:19.800,-0.795410384615,-0.433518769231,-0.394568692308
1900-01-01 00:01:19.900,-0.6771972,-0.4982666,-0.4839355
1900-01-01 00:01:20.000,-0.76001,-0.49585,-0.459717
